Book Title,ISBN-13,Amazon,Thryft
Lord of the Flies,978-0571295715,,
To Kill A Mockingbird,978-0446310789,,
Anyone Can Cook: A Ratatouille Recipe Journal,978-1797215501,,
Ikigai: The Japanese Secret to a Long and Happy Life,978-0143130727,,
The Art of Arcane,979-8886633351,,
Ambessa: Chosen of the Wolf: A League of Legends: Arcane Novel,978-0316470056,,
Realistic Birds Coloring Book: 40 Coloring Pages With Unique Exotic Birds (Realistic Wildlife),978-8367658737,,
The Floating Admiral,978-1603095020,,
The Complete Works of H.P. Lovecraft,978-1603095174,,
The Turn of the Screw and Other Stories,978-1603094429,,
Dead Man's Ransom,978-1603095426,,
The Confession of Brother Haluin,978-1603093002,,
Secrets of the Flesh: A Life of Colette,978-1603094023,,
The Arabian Nights,978-1603093965,,
Christy,978-160309536,,
Peterson First Guide to Astronomy,978-1603095587,,
Jurassic Park,978-1603095747,,
